Workbook

Sheet WBS
A1: Иерархическая структура работ (WBS) — проект «Разработка AI-сервиса проверки Excel-моделей TableMind»
A2: Уровень 0 — проект; уровень 1 — 15 укрупнённых работ (коды 1.0–15.0). Цвет — фаза жизненного цикла (группировка для наглядности).
A4: Код WBS | B4: Название работы | C4: Фаза | D4: Результат (измеримый) | E4: Ответственный (роль)
A5: 0 | B5: TableMind: Разработка AI-сервиса проверки Excel-моделей TableMind | C5: — | D5: Веб-аудит + надстройка Excel выведены на рынок, ≥ 50 платящих | E5: Владелец продукта / РП
A6: 1.0 | B6: Анализ требований, интервью с пользователями и утверждение ТЗ | C6: Анализ и планирование | D6: ТЗ, MoSCoW, KPI, отчёт по 10 интервью | E6: Руководитель проекта
A7: 2.0 | B7: Юридическое оформление: политика конфиденциальности, условия, DPA | C7: Анализ и планирование | D7: Опубликованные юридические документы | E7: Руководитель проекта
A8: 3.0 | B8: Проектирование архитектуры, модели данных и API; CI/CD и окружения в ЕС | C8: Проектирование | D8: Архитектура, OpenAPI, CI/CD, staging/prod | E8: Бэкенд-разработчик 1
A9: 4.0 | B9: UX/UI-дизайн в Figma и коридорные тесты | C9: Проектирование | D9: Макеты загрузки, отчёта, цен, кабинета | E9: UI/UX-дизайнер
A10: 5.0 | B10: Сбор и разметка eval-набора (реальные, мутационные, чистые модели) | C10: Проектирование | D10: Eval-набор 100–200 моделей + мутации | E10: ML/LLM-инженер
A11: 6.0 | B11: Разработка ядра верификации: парсер формул в AST, range graph, 15 правил | C11: Разработка MVP веб-аудита | D11: Библиотека движка верификации + CLI | E11: Бэкенд-разработчик 2
A12: 7.0 | B12: Разработка бэкенда веб-аудита: API, авторизация, загрузка, очереди | C12: Разработка MVP веб-аудита | D12: REST/WebSocket API, OAuth, воркеры | E12: Бэкенд-разработчик 1
A13: 8.0 | B13: Разработка фронтенда веб-аудита и лендинга | C13: Разработка MVP веб-аудита | D13: Лендинг, страница отчёта, загрузчик | E13: Фронтенд-разработчик
A14: 9.0 | B14: Интеграция, тестирование и релиз MVP веб-аудита (закрытая бета) | C14: Разработка MVP веб-аудита | D14: MVP веб-аудита у 10–20 пользователей | E14: QA-инженер
A15: 10.0 | B15: AI-слой: LLM gateway, объяснения, исправления через DSL, сверка текста | C15: AI-слой и монетизация | D15: AI-объяснения и исправления с повторной проверкой | E15: ML/LLM-инженер
... A20: 15.0 | B20: Публикация в AppSource, публичный запуск и закрытие проекта | C20: Тестирование, запуск и закрытие | D20: Релиз v1, отчёт о метриках, план развития | E20: Руководитель проекта
A22: Схема WBS (дерево):

Sheet Длительности (PERT)
A1: Оценка длительности работ методом PERT, месяцы
A2: Te = (O + 4M + P) / 6; принятая длительность округлена до целого месяца (шаг планировщика — 1 месяц). Жёлтые ячейки O, M, P — экспертные оценки (можно менять, расчёты пересчитаются).
A4: Код | B4: Название работы | C4: Оптимистичная O | D4: Наиболее вероятная M | E4: Пессимистичная P | F4: Te = (O+4M+P)/6 | G4: Принятая длительность, мес. | H4: Обоснование оценки
A5: 1.0 | B5: Анализ требований, интервью с пользователями и утверждение ТЗ | C5: 0.75 | D5: 1 | E5: 1.5 | F5: =(C5+4*D5+E5)/6 -> 1.0416667 | G5: =ROUND(F5,0) -> 1 | H5: 10 интервью с FP&A и консультантами, анализ конкурентов, согласование ТЗ с заказчиком
A6: 2.0 | B6: Юридическое оформление: политика конфиденциальности, условия, DPA | C6: 0.5 | D6: 1 | E6: 1.5 | F6: =(C6+4*D6+E6)/6 -> 1 | G6: =ROUND(F6,0) -> 1 | H6: Юрист по GDPR и Закону РБ № 99-З; DPA с хостингом и LLM-провайдером
A7: 3.0 | B7: Проектирование архитектуры, модели данных и API; CI/CD и окружения в ЕС | C7: 0.75 | D7: 1 | E7: 1.5 | F7: =(C7+4*D7+E7)/6 -> 1.0416667 | G7: =ROUND(F7,0) -> 1 | H7: Модульный монолит, схема PostgreSQL, контракт API; GitHub Actions
A8: 4.0 | B8: UX/UI-дизайн в Figma и коридорные тесты | C8: 0.75 | D8: 1 | E8: 1.5 | F8: =(C8+4*D8+E8)/6 -> 1.0416667 | G8: =ROUND(F8,0) -> 1 | H8: Доработка текущего макета + 5 коридорных тестов страницы отчёта
A9: 5.0 | B9: Сбор и разметка eval-набора (реальные, мутационные, чистые модели) | C9: 1.5 | D9: 2 | E9: 3 | F9: =(C9+4*D9+E9)/6 -> 2.0833333 | G9: =ROUND(F9,0) -> 2 | H9: Ручная разметка реальных моделей, генерация мутаций, чистый набор для ложных срабатываний
A10: 6.0 | B10: Разработка ядра верификации: парсер формул в AST, range graph, 15 правил | C10: 2 | D10: 3 | E10: 4.5 | F10: =(C10+4*D10+E10)/6 -> 3.0833333 | G10: =ROUND(F10,0) -> 3 | H10: Самая рискованная часть: крайние случаи xlsx, пересчёт, правила
A11: 7.0 | B11: Разработка бэкенда веб-аудита: API, авторизация, загрузка, очереди | C11: 1.5 | D11: 2 | E11: 3 | F11: =(C11+4*D11+E11)/6 -> 2.0833333 | G11: =ROUND(F11,0) -> 2 | H11: FastAPI, OAuth Google/Microsoft, S3 presigned, Redis + Arq
A12: 8.0 | B12: Разработка фронтенда веб-аудита и лендинга | C12: 1.5 | D12: 2 | E12: 2.5 | F12: =(C12+4*D12+E12)/6 -> 2 | G12: =ROUND(F12,0) -> 2 | H12: Next.js по макетам и контракту API (моки из OpenAPI до готовности бэкенда)
A13: 9.0 | B13: Интеграция, тестирование и релиз MVP веб-аудита (закрытая бета) | C13: 0.5 | D13: 1 | E13: 1.5 | F13: =(C13+4*D13+E13)/6 -> 1 | G13: =ROUND(F13,0) -> 1 | H13: Сборка компонентов, E2E-тесты главного пути, деплой, запуск беты (Gate 2)
A14: 10.0 | B14: AI-слой: LLM gateway, объяснения, исправления через DSL, сверка текста | C14: 1.5 | D14: 2 | E14: 3 | F14: =(C14+4*D14+E14)/6 -> 2.0833333 | G14: =ROUND(F14,0) -> 2 | H14: Tool use, DSL правок, повторная верификация каждого плана, сверка чисел в тексте
A15: 11.0 | B15: Монетизация: тарифы, Stripe, личный кабинет | C15: 0.5 | D15: 1 | E15: 1.5 | F15: =(C15+4*D15+E15)/6 -> 1 | G15: =ROUND(F15,0) -> 1 | H15: Stripe Checkout, НДС ЕС, история файлов, управление подпиской
A16: 12.0 | B16: Надстройка Excel: проверка при правке, ghost-подсказки, Cmd-K | C16: 2 | D16: 3 | E16: 4.5 | F16: =(C16+4*D16+E16)/6 -> 3.0833333 | G16: =ROUND(F16,0) -> 3 | H16: Office.js + React + Fluent UI, WebSocket p95 < 500 мс, матрица платформ Excel
... A19: 15.0 | B19: Публикация в AppSource, публичный запуск и закрытие проекта | C19: 0.75 | D19: 1 | E19: 1.5 | F19: =(C19+4*D19+E19)/6 -> 1.0416667 | G19: =ROUND(F19,0) -> 1 | H19: Публикация в AppSource, Product Hunt, SEO-страницы; итоговый отчёт (Gate 4)
B20: Сумма длительностей (без учёта параллельности) | G20: =SUM(G5:G19) -> 23

Sheet Взаимосвязи
A1: Взаимосвязи между работами
A2: Тип всех связей — «финиш – старт» (FS): работа начинается после завершения всех непосредственных предшественников.
A4: Код работы | B4: Название работы | C4: Непосредственные предшественники | D4: Последующие работы | E4: Тип связи | F4: Вид операции
A5: 1.0 | B5: Анализ требований, интервью с пользователями и утверждение ТЗ | C5: — | D5: 2.0, 3.0, 4.0, 5.0 | E5: — | F5: дробящаяся
A6: 2.0 | B6: Юридическое оформление: политика конфиденциальности, условия, DPA | C6: 1.0 | D6: 9.0 | E6: FS | F6: последовательная
A7: 3.0 | B7: Проектирование архитектуры, модели данных и API; CI/CD и окружения в ЕС | C7: 1.0 | D7: 6.0, 7.0, 8.0 | E7: FS | F7: дробящаяся
A8: 4.0 | B8: UX/UI-дизайн в Figma и коридорные тесты | C8: 1.0 | D8: 8.0 | E8: FS | F8: последовательная
A9: 5.0 | B9: Сбор и разметка eval-набора (реальные, мутационные, чистые модели) | C9: 1.0 | D9: 9.0 | E9: FS | F9: последовательная
A10: 6.0 | B10: Разработка ядра верификации: парсер формул в AST, range graph, 15 правил | C10: 3.0 | D10: 9.0 | E10: FS | F10: последовательная
A11: 7.0 | B11: Разработка бэкенда веб-аудита: API, авторизация, загрузка, очереди | C11: 3.0 | D11: 9.0 | E11: FS | F11: последовательная
A12: 8.0 | B12: Разработка фронтенда веб-аудита и лендинга | C12: 3.0, 4.0 | D12: 9.0 | E12: FS | F12: слияние
A13: 9.0 | B13: Интеграция, тестирование и релиз MVP веб-аудита (закрытая бета) | C13: 2.0, 5.0, 6.0, 7.0, 8.0 | D13: 10.0, 11.0, 12.0 | E13: FS | F13: слияние, дробящаяся
A14: 10.0 | B14: AI-слой: LLM gateway, объяснения, исправления через DSL, сверка текста | C14: 9.0 | D14: 13.0 | E14: FS | F14: последовательная
A15: 11.0 | B15: Монетизация: тарифы, Stripe, личный кабинет | C15: 9.0 | D15: 13.0 | E15: FS | F15: последовательная
... A19: 15.0 | B19: Публикация в AppSource, публичный запуск и закрытие проекта | C19: 14.0 | D19: — | E19: FS | F19: последовательная
B21: Параллельные работы: 2.0, 3.0, 4.0 и 5.0 (после 1.0); 6.0, 7.0 и 8.0 (после 3.0); 10.0, 11.0 и 12.0 (после 9.0).
B22: Операции слияния: 8.0 (из 3.0, 4.0), 9.0 (из 2.0, 5.0, 6.0, 7.0, 8.0) и 13.0 (из 10.0, 11.0, 12.0).
B23: Дробящиеся операции: 1.0 (→ 2.0, 3.0, 4.0, 5.0), 3.0 (→ 6.0, 7.0, 8.0) и 9.0 (→ 10.0, 11.0, 12.0).
B24: Разработка (6.0–8.0) начинается только после проектирования архитектуры и контракта API (3.0); фронтенд — ещё и после дизайна (4.0).

Sheet Расчёт CPM
A1: Расчёт ранних и поздних сроков, резервов и критического пути (метод CPM), месяцы от старта
A2: ES = МАКС(EF предшественников); EF = ES + D; LF = МИН(LS последователей), для последней работы LF = длительности проекта; LS = LF − D; резерв TS = LS − ES.
A4: Код | B4: Работа | C4: Предшественники | D4: Последователи | E4: Длительность D | F4: Ранний старт ES | G4: Ранний финиш EF | H4: Поздний старт LS | I4: Поздний финиш LF | J4: Резерв TS | K4: Критический путь
A5: 1.0 | B5: Анализ требований, интервью с пользователями и утверждение ТЗ | C5: — | D5: 2.0, 3.0, 4.0, 5.0 | E5: ='Длительности (PERT)'!G5 -> 1 | F5: =0 -> 0 | G5: =F5+E5 -> 1 | H5: =I5-E5 -> 0 | I5: =MIN(H6,H7,H8,H9) -> 1 | J5: =H5-F5 -> 0 | K5: =IF(ABS(J5)<0.001,"ДА","НЕТ") -> ДА
A6: 2.0 | B6: Юридическое оформление: политика конфиденциальности, условия, DPA | C6: 1.0 | D6: 9.0 | E6: ='Длительности (PERT)'!G6 -> 1 | F6: =MAX(G5) -> 1 | G6: =F6+E6 -> 2 | H6: =I6-E6 -> 4 | I6: =MIN(H13) -> 5 | J6: =H6-F6 -> 3 | K6: =IF(ABS(J6)<0.001,"ДА","НЕТ") -> НЕТ
A7: 3.0 | B7: Проектирование архитектуры, модели данных и API; CI/CD и окружения в ЕС | C7: 1.0 | D7: 6.0, 7.0, 8.0 | E7: ='Длительности (PERT)'!G7 -> 1 | F7: =MAX(G5) -> 1 | G7: =F7+E7 -> 2 | H7: =I7-E7 -> 1 | I7: =MIN(H10,H11,H12) -> 2 | J7: =H7-F7 -> 0 | K7: =IF(ABS(J7)<0.001,"ДА","НЕТ") -> ДА
A8: 4.0 | B8: UX/UI-дизайн в Figma и коридорные тесты | C8: 1.0 | D8: 8.0 | E8: ='Длительности (PERT)'!G8 -> 1 | F8: =MAX(G5) -> 1 | G8: =F8+E8 -> 2 | H8: =I8-E8 -> 2 | I8: =MIN(H12) -> 3 | J8: =H8-F8 -> 1 | K8: =IF(ABS(J8)<0.001,"ДА","НЕТ") -> НЕТ
A9: 5.0 | B9: Сбор и разметка eval-набора (реальные, мутационные, чистые модели) | C9: 1.0 | D9: 9.0 | E9: ='Длительности (PERT)'!G9 -> 2 | F9: =MAX(G5) -> 1 | G9: =F9+E9 -> 3 | H9: =I9-E9 -> 3 | I9: =MIN(H13) -> 5 | J9: =H9-F9 -> 2 | K9: =IF(ABS(J9)<0.001,"ДА","НЕТ") -> НЕТ
A10: 6.0 | B10: Разработка ядра верификации: парсер формул в AST, range graph, 15 правил | C10: 3.0 | D10: 9.0 | E10: ='Длительности (PERT)'!G10 -> 3 | F10: =MAX(G7) -> 2 | G10: =F10+E10 -> 5 | H10: =I10-E10 -> 2 | I10: =MIN(H13) -> 5 | J10: =H10-F10 -> 0 | K10: =IF(ABS(J10)<0.001,"ДА","НЕТ") -> ДА
A11: 7.0 | B11: Разработка бэкенда веб-аудита: API, авторизация, загрузка, очереди | C11: 3.0 | D11: 9.0 | E11: ='Длительности (PERT)'!G11 -> 2 | F11: =MAX(G7) -> 2 | G11: =F11+E11 -> 4 | H11: =I11-E11 -> 3 | I11: =MIN(H13) -> 5 | J11: =H11-F11 -> 1 | K11: =IF(ABS(J11)<0.001,"ДА","НЕТ") -> НЕТ
A12: 8.0 | B12: Разработка фронтенда веб-аудита и лендинга | C12: 3.0, 4.0 | D12: 9.0 | E12: ='Длительности (PERT)'!G12 -> 2 | F12: =MAX(G7,G8) -> 2 | G12: =F12+E12 -> 4 | H12: =I12-E12 -> 3 | I12: =MIN(H13) -> 5 | J12: =H12-F12 -> 1 | K12: =IF(ABS(J12)<0.001,"ДА","НЕТ") -> НЕТ
A13: 9.0 | B13: Интеграция, тестирование и релиз MVP веб-аудита (закрытая бета) | C13: 2.0, 5.0, 6.0, 7.0, 8.0 | D13: 10.0, 11.0, 12.0 | E13: ='Длительности (PERT)'!G13 -> 1 | F13: =MAX(G6,G9,G10,G11,G12) -> 5 | G13: =F13+E13 -> 6 | H13: =I13-E13 -> 5 | I13: =MIN(H14,H15,H16) -> 6 | J13: =H13-F13 -> 0 | K13: =IF(ABS(J13)<0.001,"ДА","НЕТ") -> ДА
A14: 10.0 | B14: AI-слой: LLM gateway, объяснения, исправления через DSL, сверка текста | C14: 9.0 | D14: 13.0 | E14: ='Длительности (PERT)'!G14 -> 2 | F14: =MAX(G13) -> 6 | G14: =F14+E14 -> 8 | H14: =I14-E14 -> 7 | I14: =MIN(H17) -> 9 | J14: =H14-F14 -> 1 | K14: =IF(ABS(J14)<0.001,"ДА","НЕТ") -> НЕТ
A15: 11.0 | B15: Монетизация: тарифы, Stripe, личный кабинет | C15: 9.0 | D15: 13.0 | E15: ='Длительности (PERT)'!G15 -> 1 | F15: =MAX(G13) -> 6 | G15: =F15+E15 -> 7 | H15: =I15-E15 -> 8 | I15: =MIN(H17) -> 9 | J15: =H15-F15 -> 2 | K15: =IF(ABS(J15)<0.001,"ДА","НЕТ") -> НЕТ
A16: 12.0 | B16: Надстройка Excel: проверка при правке, ghost-подсказки, Cmd-K | C16: 9.0 | D16: 13.0 | E16: ='Длительности (PERT)'!G16 -> 3 | F16: =MAX(G13) -> 6 | G16: =F16+E16 -> 9 | H16: =I16-E16 -> 6 | I16: =MIN(H17) -> 9 | J16: =H16-F16 -> 0 | K16: =IF(ABS(J16)<0.001,"ДА","НЕТ") -> ДА
A17: 13.0 | B17: Бета-тестирование v1 с 50 пилотными пользователями и доработка | C17: 10.0, 11.0, 12.0 | D17: 14.0 | E17: ='Длительности (PERT)'!G17 -> 1 | F17: =MAX(G14,G15,G16) -> 9 | G17: =F17+E17 -> 10 | H17: =I17-E17 -> 9 | I17: =MIN(H18) -> 10 | J17: =H17-F17 -> 0 | K17: =IF(ABS(J17)<0.001,"ДА","НЕТ") -> ДА
A18: 14.0 | B18: Комплексное тестирование: AI-eval, безопасность (OWASP), нагрузка | C18: 13.0 | D18: 15.0 | E18: ='Длительности (PERT)'!G18 -> 1 | F18: =MAX(G17) -> 10 | G18: =F18+E18 -> 11 | H18: =I18-E18 -> 10 | I18: =MIN(H19) -> 11 | J18: =H18-F18 -> 0 | K18: =IF(ABS(J18)<0.001,"ДА","НЕТ") -> ДА
A19: 15.0 | B19: Публикация в AppSource, публичный запуск и закрытие проекта | C19: 14.0 | D19: — | E19: ='Длительности (PERT)'!G19 -> 1 | F19: =MAX(G18) -> 11 | G19: =F19+E19 -> 12 | H19: =I19-E19 -> 11 | I19: =$G$21 -> 12 | J19: =H19-F19 -> 0 | K19: =IF(ABS(J19)<0.001,"ДА","НЕТ") -> ДА
B21: Длительность проекта (критический путь), мес. | G21: =MAX(G5:G19) -> 12
B22: Дата старта проекта | G22: 46296
B23: Плановая дата завершения | G23: =EDATE(G22,INT(G21))+IF(MOD(G21,1)>0,14,0)-1 -> 46660
B24: Критический путь | G24: 1.0 → 3.0 → 6.0 → 9.0 → 12.0 → 13.0 → 14.0 → 15.0 | K24: (проверка по формулам — колонка K)

Sheet Диаграмма Ганта
A1: Диаграмма Ганта проекта TableMind (шаг шкалы — 1 месяц)
A2: Красные полосы — работы критического пути; синие — некритические; светлая штриховка справа — резерв времени (до LF). Данные берутся из листа «Расчёт CPM».
L3: М1 | M3: М2 | N3: М3 | O3: М4 | P3: М5 | Q3: М6 | R3: М7 | S3: М8 | T3: М9 | U3: М10 | V3: М11 | W3: М12
A4: Код | B4: Работа | C4: Предш. | D4: Начало | E4: Окончание | F4: D, мес. | G4: ES | H4: EF | I4: LF | J4: Резерв | K4: Крит. | L4: окт 26 | M4: ноя 26 | N4: дек 26 | O4: янв 27 | P4: фев 27 | Q4: мар 27 | R4: апр 27 | S4: май 27 | T4: июн 27 | U4: июл 27 | V4: авг 27 | W4: сен 27
L5: 0 | M5: 1 | N5: 2 | O5: 3 | P5: 4 | Q5: 5 | R5: 6 | S5: 7 | T5: 8 | U5: 9 | V5: 10 | W5: 11
A6: ='Расчёт CPM'!A5 -> 1.0 | B6: ='Расчёт CPM'!B5 -> Анализ требований, интервью с пользователями и утверждение ТЗ | C6: ='Расчёт CPM'!C5 -> — | D6: =EDATE('Расчёт CPM'!$G$22,INT(G6))+IF(MOD(G6,1)>0,14,0) -> 46296 | E6: =EDATE('Расчёт CPM'!$G$22,INT(H6))+IF(MOD(H6,1)>0,14,0)-1 -> 46326 | F6: ='Расчёт CPM'!E5 -> 1 | G6: ='Расчёт CPM'!F5 -> 0 | H6: ='Расчёт CPM'!G5 -> 1 | I6: ='Расчёт CPM'!I5 -> 1 | J6: ='Расчёт CPM'!J5 -> 0 | K6: ='Расчёт CPM'!K5 -> ДА
A7: ='Расчёт CPM'!A6 -> 2.0 | B7: ='Расчёт CPM'!B6 -> Юридическое оформление: политика конфиденциальности, условия, DPA | C7: ='Расчёт CPM'!C6 -> 1.0 | D7: =EDATE('Расчёт CPM'!$G$22,INT(G7))+IF(MOD(G7,1)>0,14,0) -> 46327 | E7: =EDATE('Расчёт CPM'!$G$22,INT(H7))+IF(MOD(H7,1)>0,14,0)-1 -> 46356 | F7: ='Расчёт CPM'!E6 -> 1 | G7: ='Расчёт CPM'!F6 -> 1 | H7: ='Расчёт CPM'!G6 -> 2 | I7: ='Расчёт CPM'!I6 -> 5 | J7: ='Расчёт CPM'!J6 -> 3 | K7: ='Расчёт CPM'!K6 -> НЕТ
A8: ='Расчёт CPM'!A7 -> 3.0 | B8: ='Расчёт CPM'!B7 -> Проектирование архитектуры, модели данных и API; CI/CD и окружения в ЕС | C8: ='Расчёт CPM'!C7 -> 1.0 | D8: =EDATE('Расчёт CPM'!$G$22,INT(G8))+IF(MOD(G8,1)>0,14,0) -> 46327 | E8: =EDATE('Расчёт CPM'!$G$22,INT(H8))+IF(MOD(H8,1)>0,14,0)-1 -> 46356 | F8: ='Расчёт CPM'!E7 -> 1 | G8: ='Расчёт CPM'!F7 -> 1 | H8: ='Расчёт CPM'!G7 -> 2 | I8: ='Расчёт CPM'!I7 -> 2 | J8: ='Расчёт CPM'!J7 -> 0 | K8: ='Расчёт CPM'!K7 -> ДА
A9: ='Расчёт CPM'!A8 -> 4.0 | B9: ='Расчёт CPM'!B8 -> UX/UI-дизайн в Figma и коридорные тесты | C9: ='Расчёт CPM'!C8 -> 1.0 | D9: =EDATE('Расчёт CPM'!$G$22,INT(G9))+IF(MOD(G9,1)>0,14,0) -> 46327 | E9: =EDATE('Расчёт CPM'!$G$22,INT(H9))+IF(MOD(H9,1)>0,14,0)-1 -> 46356 | F9: ='Расчёт CPM'!E8 -> 1 | G9: ='Расчёт CPM'!F8 -> 1 | H9: ='Расчёт CPM'!G8 -> 2 | I9: ='Расчёт CPM'!I8 -> 3 | J9: ='Расчёт CPM'!J8 -> 1 | K9: ='Расчёт CPM'!K8 -> НЕТ
A10: ='Расчёт CPM'!A9 -> 5.0 | B10: ='Расчёт CPM'!B9 -> Сбор и разметка eval-набора (реальные, мутационные, чистые модели) | C10: ='Расчёт CPM'!C9 -> 1.0 | D10: =EDATE('Расчёт CPM'!$G$22,INT(G10))+IF(MOD(G10,1)>0,14,0) -> 46327 | E10: =EDATE('Расчёт CPM'!$G$22,INT(H10))+IF(MOD(H10,1)>0,14,0)-1 -> 46387 | F10: ='Расчёт CPM'!E9 -> 2 | G10: ='Расчёт CPM'!F9 -> 1 | H10: ='Расчёт CPM'!G9 -> 3 | I10: ='Расчёт CPM'!I9 -> 5 | J10: ='Расчёт CPM'!J9 -> 2 | K10: ='Расчёт CPM'!K9 -> НЕТ
A11: ='Расчёт CPM'!A10 -> 6.0 | B11: ='Расчёт CPM'!B10 -> Разработка ядра верификации: парсер формул в AST, range graph, 15 правил | C11: ='Расчёт CPM'!C10 -> 3.0 | D11: =EDATE('Расчёт CPM'!$G$22,INT(G11))+IF(MOD(G11,1)>0,14,0) -> 46357 | E11: =EDATE('Расчёт CPM'!$G$22,INT(H11))+IF(MOD(H11,1)>0,14,0)-1 -> 46446 | F11: ='Расчёт CPM'!E10 -> 3 | G11: ='Расчёт CPM'!F10 -> 2 | H11: ='Расчёт CPM'!G10 -> 5 | I11: ='Расчёт CPM'!I10 -> 5 | J11: ='Расчёт CPM'!J10 -> 0 | K11: ='Расчёт CPM'!K10 -> ДА
A12: ='Расчёт CPM'!A11 -> 7.0 | B12: ='Расчёт CPM'!B11 -> Разработка бэкенда веб-аудита: API, авторизация, загрузка, очереди | C12: ='Расчёт CPM'!C11 -> 3.0 | D12: =EDATE('Расчёт CPM'!$G$22,INT(G12))+IF(MOD(G12,1)>0,14,0) -> 46357 | E12: =EDATE('Расчёт CPM'!$G$22,INT(H12))+IF(MOD(H12,1)>0,14,0)-1 -> 46418 | F12: ='Расчёт CPM'!E11 -> 2 | G12: ='Расчёт CPM'!F11 -> 2 | H12: ='Расчёт CPM'!G11 -> 4 | I12: ='Расчёт CPM'!I11 -> 5 | J12: ='Расчёт CPM'!J11 -> 1 | K12: ='Расчёт CPM'!K11 -> НЕТ
A13: ='Расчёт CPM'!A12 -> 8.0 | B13: ='Расчёт CPM'!B12 -> Разработка фронтенда веб-аудита и лендинга | C13: ='Расчёт CPM'!C12 -> 3.0, 4.0 | D13: =EDATE('Расчёт CPM'!$G$22,INT(G13))+IF(MOD(G13,1)>0,14,0) -> 46357 | E13: =EDATE('Расчёт CPM'!$G$22,INT(H13))+IF(MOD(H13,1)>0,14,0)-1 -> 46418 | F13: ='Расчёт CPM'!E12 -> 2 | G13: ='Расчёт CPM'!F12 -> 2 | H13: ='Расчёт CPM'!G12 -> 4 | I13: ='Расчёт CPM'!I12 -> 5 | J13: ='Расчёт CPM'!J12 -> 1 | K13: ='Расчёт CPM'!K12 -> НЕТ
A14: ='Расчёт CPM'!A13 -> 9.0 | B14: ='Расчёт CPM'!B13 -> Интеграция, тестирование и релиз MVP веб-аудита (закрытая бета) | C14: ='Расчёт CPM'!C13 -> 2.0, 5.0, 6.0, 7.0, 8.0 | D14: =EDATE('Расчёт CPM'!$G$22,INT(G14))+IF(MOD(G14,1)>0,14,0) -> 46447 | E14: =EDATE('Расчёт CPM'!$G$22,INT(H14))+IF(MOD(H14,1)>0,14,0)-1 -> 46477 | F14: ='Расчёт CPM'!E13 -> 1 | G14: ='Расчёт CPM'!F13 -> 5 | H14: ='Расчёт CPM'!G13 -> 6 | I14: ='Расчёт CPM'!I13 -> 6 | J14: ='Расчёт CPM'!J13 -> 0 | K14: ='Расчёт CPM'!K13 -> ДА
A15: ='Расчёт CPM'!A14 -> 10.0 | B15: ='Расчёт CPM'!B14 -> AI-слой: LLM gateway, объяснения, исправления через DSL, сверка текста | C15: ='Расчёт CPM'!C14 -> 9.0 | D15: =EDATE('Расчёт CPM'!$G$22,INT(G15))+IF(MOD(G15,1)>0,14,0) -> 46478 | E15: =EDATE('Расчёт CPM'!$G$22,INT(H15))+IF(MOD(H15,1)>0,14,0)-1 -> 46538 | F15: ='Расчёт CPM'!E14 -> 2 | G15: ='Расчёт CPM'!F14 -> 6 | H15: ='Расчёт CPM'!G14 -> 8 | I15: ='Расчёт CPM'!I14 -> 9 | J15: ='Расчёт CPM'!J14 -> 1 | K15: ='Расчёт CPM'!K14 -> НЕТ
A16: ='Расчёт CPM'!A15 -> 11.0 | B16: ='Расчёт CPM'!B15 -> Монетизация: тарифы, Stripe, личный кабинет | C16: ='Расчёт CPM'!C15 -> 9.0 | D16: =EDATE('Расчёт CPM'!$G$22,INT(G16))+IF(MOD(G16,1)>0,14,0) -> 46478 | E16: =EDATE('Расчёт CPM'!$G$22,INT(H16))+IF(MOD(H16,1)>0,14,0)-1 -> 46507 | F16: ='Расчёт CPM'!E15 -> 1 | G16: ='Расчёт CPM'!F15 -> 6 | H16: ='Расчёт CPM'!G15 -> 7 | I16: ='Расчёт CPM'!I15 -> 9 | J16: ='Расчёт CPM'!J15 -> 2 | K16: ='Расчёт CPM'!K15 -> НЕТ
A17: ='Расчёт CPM'!A16 -> 12.0 | B17: ='Расчёт CPM'!B16 -> Надстройка Excel: проверка при правке, ghost-подсказки, Cmd-K | C17: ='Расчёт CPM'!C16 -> 9.0 | D17: =EDATE('Расчёт CPM'!$G$22,INT(G17))+IF(MOD(G17,1)>0,14,0) -> 46478 | E17: =EDATE('Расчёт CPM'!$G$22,INT(H17))+IF(MOD(H17,1)>0,14,0)-1 -> 46568 | F17: ='Расчёт CPM'!E16 -> 3 | G17: ='Расчёт CPM'!F16 -> 6 | H17: ='Расчёт CPM'!G16 -> 9 | I17: ='Расчёт CPM'!I16 -> 9 | J17: ='Расчёт CPM'!J16 -> 0 | K17: ='Расчёт CPM'!K16 -> ДА
... A20: ='Расчёт CPM'!A19 -> 15.0 | B20: ='Расчёт CPM'!B19 -> Публикация в AppSource, публичный запуск и закрытие проекта | C20: ='Расчёт CPM'!C19 -> 14.0 | D20: =EDATE('Расчёт CPM'!$G$22,INT(G20))+IF(MOD(G20,1)>0,14,0) -> 46631 | E20: =EDATE('Расчёт CPM'!$G$22,INT(H20))+IF(MOD(H20,1)>0,14,0)-1 -> 46660 | F20: ='Расчёт CPM'!E19 -> 1 | G20: ='Расчёт CPM'!F19 -> 11 | H20: ='Расчёт CPM'!G19 -> 12 | I20: ='Расчёт CPM'!I19 -> 12 | J20: ='Расчёт CPM'!J19 -> 0 | K20: ='Расчёт CPM'!K19 -> ДА
B22: Контрольные точки (ворота):
B23: Gate 1: ТЗ утверждено | D23: =EDATE('Расчёт CPM'!$G$22,INT(1))+IF(MOD(1,1)>0,14,0)-1 -> 46326
B24: Gate 2: MVP веб-аудита (закрытая бета) | D24: =EDATE('Расчёт CPM'!$G$22,INT(6))+IF(MOD(6,1)>0,14,0)-1 -> 46477
B25: Gate 3: бета v1 с надстройкой завершена | D25: =EDATE('Расчёт CPM'!$G$22,INT(10))+IF(MOD(10,1)>0,14,0)-1 -> 46599
B26: Gate 4: публичный релиз и закрытие проекта | D26: =EDATE('Расчёт CPM'!$G$22,INT(12))+IF(MOD(12,1)>0,14,0)-1 -> 46660
B28: Легенда:
B29: работа критического пути (резерв = 0)
B30: некритическая работа
B31: резерв времени некритической работы

Sheet Гант (рисунок)
A1: Диаграмма Ганта со связями между работами (рисунок)
A2: Стрелки — связи «финиш – старт»; красные стрелки — связи внутри критического пути. Построено по тем же данным, что и лист «Диаграмма Ганта».

Sheet Сетевой график (PDM)
A1: Сетевой график проекта методом предшествования (операции в узлах, PDM)
A2: В каждом узле: ES | D | EF сверху, LS | TS | LF снизу (месяцы от старта). Красным — критический путь. Значения совпадают с листом «Расчёт CPM».
